Workbook

Sheet How to use
A1: A Very Merry Murder - Party Planner
A2: Clue & Candle Games. Yellow cells are yours to edit. Everything else updates by itself.
A4: Step | B4: What to do
A5: 1 | B5: Settings: type your number of players (6-16) and your party start time.
A6: 2 | B6: Cast & Invites: the 'In this game?' column shows which roles to use for your player count. Type a guest name next to each role in use.
A7: 3 | B7: Send each guest their character and costume idea (wording is in the PDF). Mark 'Invite sent' and 'RSVP' as Yes when done.
A8: 4 | B8: 13-16 players: use all 12 roles and let couples share a role, or make extra guests Deputy Detectives (see the Host Guide).
A9: 5 | B9: Timeline: your clock times follow the start time you set. Print it and keep it next to the scripts.
A10: 6 | B10: Shopping: adjust per-guest amounts and prices. Quantities and the total follow your player count.
A11: 7 | B11: Settings shows confirmed guests and your shopping total at a glance.

Sheet Settings
A1: Party settings
A2: Edit the yellow cells only.
A4: Setting | B4: Value
A5: Number of players (6-16) | B5: 10
A6: Party start time | B6: 0.79166667
A7: Confirmed guests (RSVP = Yes) | B7: =COUNTIF('Cast & Invites'!H5:H16,"Yes")
A8: Shopping total | B8: =Shopping!F15
A9: Reveal ends at | B9: =B6+150/1440

Sheet Cast & Invites
A1: Cast & invites
A2: Roles 1-6 are always needed. Roles 7-12 are added in order as your player count grows.
A4: # | B4: Character | C4: Role | D4: Type | E4: In this game? | F4: Guest name | G4: Invite sent | H4: RSVP | I4: Costume idea
A5: 1 | B5: Robin Holly | C5: Head toymaker, 15 years at Frost & Fable | D5: Core | E5: =IF(A5<=Settings!$B$5,"Yes","Leave out") | F5: Example: Dana | G5: Yes | H5: Yes | I5: Green apron, reading glasses, pencil behind the ear
A6: 2 | B6: Jordan Tinsel | C6: Finance director and Nick's business partner | D6: Core | E6: =IF(A6<=Settings!$B$5,"Yes","Leave out") | I6: Sharp suit, tinsel scarf, calculator
A7: 3 | B7: Sam Garland | C7: Nick's nephew or niece, a struggling novelist | D7: Core | E7: =IF(A7<=Settings!$B$5,"Yes","Leave out") | I7: Cosy cardigan, notebook, scarf
A8: 4 | B8: Casey Sleigh | C8: Owner of Sleigh Bells Catering | D8: Core | E8: =IF(A8<=Settings!$B$5,"Yes","Leave out") | I8: White apron, chef's hat, ladle
A9: 5 | B9: Alex Snow | C9: Rival toymaker from Snow Toys, uninvited | D9: Core | E9: =IF(A9<=Settings!$B$5,"Yes","Leave out") | I9: All white, frosty silver accessories
A10: 6 | B10: Morgan Ivy | C10: Nick's personal assistant | D10: Core | E10: =IF(A10<=Settings!$B$5,"Yes","Leave out") | I10: Smart outfit, clipboard, ring of keys
A11: 7 | B11: Taylor Star | C11: Hired party Santa | D11: Optional | E11: =IF(A11<=Settings!$B$5,"Yes","Leave out") | I11: Santa suit, or an elf costume
A12: 8 | B12: Charlie Bell | C12: Marketing manager | D12: Optional | E12: =IF(A12<=Settings!$B$5,"Yes","Leave out") | I12: Bright festive jumper, camera or phone
A13: 9 | B13: Frankie Fir | C13: The lodge gardener | D13: Optional | E13: =IF(A13<=Settings!$B$5,"Yes","Leave out") | I13: Flannel shirt, wellies, garden gloves
A14: 10 | B14: Quinn Mistletoe | C14: Reporter for Toy Trade Weekly | D14: Optional | E14: =IF(A14<=Settings!$B$5,"Yes","Leave out") | I14: Trench coat, press badge
A15: 11 | B15: Jamie Pudding | C15: Village baker and Nick's ex | D15: Optional | E15: =IF(A15<=Settings!$B$5,"Yes","Leave out") | I15: Flour-dusted apron, gingerbread brooch
A16: 12 | B16: Riley Carol | C16: Hired pianist | D16: Optional | E16: =IF(A16<=Settings!$B$5,"Yes","Leave out") | I16: Bow tie or velvet, sheet music

Sheet Timeline
A1: Party night timeline
A2: Clock times follow the start time in Settings.
A4: Minutes in | B4: Clock time | C4: What happens | D4: You do
A5: 0 | B5: =Settings!$B$6+A5/1440 | C5: Guests arrive, drinks, costumes, photos | D5: Hand out envelopes. Players read 'Before the game' and Round 1 only
A6: 15 | B6: =Settings!$B$6+A6/1440 | C6: Opening scene | D6: Read Script 1
A7: 20 | B7: =Settings!$B$6+A7/1440 | C7: Round 1 | D7: Reveal Evidence 1-4. Players mingle and question each other
A8: 50 | B8: =Settings!$B$6+A8/1440 | C8: Dinner or snacks | D8: Players stay in character if they like
A9: 80 | B9: =Settings!$B$6+A9/1440 | C9: Round 2 | D9: Read Script 2, reveal Evidence 5-8. Players read Round 2
A10: 110 | B10: =Settings!$B$6+A10/1440 | C10: Round 3 | D10: Read Script 3, reveal Evidence 9-12. Players read Round 3
A11: 140 | B11: =Settings!$B$6+A11/1440 | C11: Accusations | D11: Read Script 4. Hand out ballots, 5-10 minutes
A12: 150 | B12: =Settings!$B$6+A12/1440 | C12: The reveal | D12: Read the Solution chapter. Give out awards

Sheet Shopping
A1: Shopping list
A2: Edit per-guest amounts, fixed amounts and prices. Quantities follow the player count in Settings.
A4: Item | B4: Per guest | C4: Fixed qty | D4: Unit cost | E4: Qty needed | F4: Cost | G4: Bought?
A5: Envelopes for character packs | B5: 1 | C5: 0 | D5: 0.2 | E5: =ROUNDUP(B5*Settings!$B$5,0)+C5 | F5: =E5*D5
A6: Printer paper (sheets) | B6: 4 | C6: 15 | D6: 0.02 | E6: =ROUNDUP(B6*Settings!$B$5,0)+C6 | F6: =E6*D6
A7: Name tags | B7: 1 | C7: 0 | D7: 0.3 | E7: =ROUNDUP(B7*Settings!$B$5,0)+C7 | F7: =E7*D7
A8: Pencils or pens for ballots | B8: 1 | C8: 0 | D8: 0.25 | E8: =ROUNDUP(B8*Settings!$B$5,0)+C8 | F8: =E8*D8
A9: Hot cocoa or mulled wine (servings) | B9: 2 | C9: 0 | D9: 1 | E9: =ROUNDUP(B9*Settings!$B$5,0)+C9 | F9: =E9*D9
A10: Christmas cookies or mince pies | B10: 3 | C10: 0 | D10: 0.5 | E10: =ROUNDUP(B10*Settings!$B$5,0)+C10 | F10: =E10*D10
A11: Dinner or party food (per plate) | B11: 1 | C11: 0 | D11: 6 | E11: =ROUNDUP(B11*Settings!$B$5,0)+C11 | F11: =E11*D11
A12: Best Detective prize | B12: 0 | C12: 1 | D12: 5 | E12: =ROUNDUP(B12*Settings!$B$5,0)+C12 | F12: =E12*D12
A13: Best Costume prize | B13: 0 | C13: 1 | D13: 5 | E13: =ROUNDUP(B13*Settings!$B$5,0)+C13 | F13: =E13*D13
A14: Candles or fairy lights | B14: 0 | C14: 1 | D14: 8 | E14: =ROUNDUP(B14*Settings!$B$5,0)+C14 | F14: =E14*D14
A15: TOTAL | F15: =SUM(F5:F14)
